fecha,segmento,accion_id,promo_compania,descripcion,grupo,clientes,origen
2026-10-05,VALUE,3510,320222,1890 LITRO LATON K+T,3019,1585,ERP 2026-10-05
2026-10-05,VALUE,3511,320224,1890 LITRO LATON AS,3079,85,ERP 2026-10-05
2026-10-05,VALUE,3514,320232,1890 LITRO K+T P1 Y P4,3098,889,ERP 2026-10-05
2026-10-05,VALUE,3515,320234,1890 LITRO AS SUR P1-P4,3099,53,ERP 2026-10-05
2026-10-05,VALUE,3439,290125,ADIC 1890 LITRO VALLE K+T - PLAN VALUE,3014,922,ERP 2026-10-05
2026-10-05,VALUE,3363,290129,ADIC 1890 LITRO VALLE AS - PLAN VALUE,3015,53,ERP 2026-10-05
2026-10-05,VALUE,3512,320225,1890 LATA K+T SUR,3019,1585,ERP 2026-10-05
2026-10-05,VALUE,3513,320227,1890 LATA AS SUR,3079,85,ERP 2026-10-05
2026-10-05,VALUE,3516,320235,1890 LATA K+T SUR P1-P4,3098,889,ERP 2026-10-05
2026-10-05,VALUE,3517,320236,LATA 1890 AS SUR P1-P4,3099,53,ERP 2026-10-05
2026-10-05,CORE,3404,308142,SUR- CORE K+T (TIER 1),3091,668,ERP 2026-10-05
2026-10-05,CORE,3405,308144,SUR- CORE K+T (TIER 2),3092,264,ERP 2026-10-05
2026-10-05,CORE,3493,318208,SUR- CORE K+T (TIER 3),3093,258,ERP 2026-10-05
2026-10-05,CORE,3408,308162,SUR- CORE AS (TIER 1),3094,24,ERP 2026-10-05
2026-10-05,CORE,3407,308281,CORE ESCALA 2 AS SUR,3095,25,ERP 2026-10-05
2026-10-05,CORE,3494,318209,CORE ESCALA 3 AS SUR,3096,10,ERP 2026-10-05
